sample,cruc,cruc.mass,cruc.sed,cruc.ash,sed.mass,ash.mass,propOM,AFDM.sample,leaf.num,AFDM.leaf,sed.vol,dry.bulk
sed,4,12.2468,12.7499,12.6881,0.5031,0.4413,0.122838401908169,0.0617999999999999,NA,NA,5,0.10062
sed,10,12.9368,13.4709,13.4049,0.5341,0.4681,0.123572364725708,0.0660000000000007,NA,NA,5,0.10682
sed,8,12.601,13.1621,13.0943,0.5611,0.4933,0.120834075922296,0.0678000000000001,NA,NA,5,0.11222
sed,11,11.8898,12.4359,12.3688,0.546100000000001,0.479000000000001,0.122871268998352,0.0670999999999999,NA,NA,5,0.10922
leaf,11,26.5948,26.6216,NA,0.0268000000000015,NA,NA,NA,20,NA,NA,NA
leaf,13,29.7281,29.7759,29.7281,0.0477999999999987,0,1,0.0477999999999987,20,0.00238999999999994,NA,NA
leaf,18,29.4378,29.476,29.438,0.0381999999999998,0.000199999999999534,0.994764397905771,0.0380000000000003,20,0.00190000000000001,NA,NA
leaf,20,29.1396,29.476,NA,0.336399999999998,NA,NA,NA,20,NA,NA,NA
