sample,leaf.num,sed.vol,cruc,cruc.mass,cruc.remass,cruc.sed,cruc.ash,sed.mass,ash.mass,propOM,AFDM.sample,AFDM.leaf,dry.bulk
leaf,20,NA,21,31.003,31.0025,31.062,31.0038,0.0594999999999999,0.00129999999999697,0.978151260504253,0.0582000000000029,0.00291000000000015,NA
leaf,20,NA,10,29.7522,29.7509,29.8203,29.7518,0.0693999999999981,0.000899999999997902,0.987031700288214,0.0685000000000002,0.00342500000000001,NA
leaf,20,NA,5,30.3808,30.3798,30.4333,30.3782,0.0534999999999997,-0.00159999999999982,1.02990654205607,0.0550999999999995,0.00275499999999997,NA
leaf,20,NA,8,28.9681,28.9667,29.0352,28.9612,0.0685000000000002,-0.00549999999999784,1.08029197080289,0.0739999999999981,0.0036999999999999,NA
leaf,20,NA,23,28.8172,28.8163,28.8584,28.8178,0.0421000000000014,0.00150000000000006,0.96437054631829,0.0406000000000013,0.00203000000000007,NA
sed,NA,5,18,29.4371,29.437,30.2519,30.1161,0.814899999999998,0.679099999999998,0.166646214259418,0.1358,NA,0.16298
sed,NA,5,6,31.517,30.3798,32.3527,32.2115,1.9729,1.8317,0.0715697703887667,0.141199999999998,NA,0.39458
sed,NA,5,16,28.8739,28.8734,29.7071,29.5674,0.8337,0.693999999999999,0.167566270840831,0.139700000000001,NA,0.16674
