Rstd,Rblk,Vstd,Nstd,E,Vreg,DOreg
0.2,0.0500000000000001,0.2,0.01,5598,0.17,0.00153
