Rstd,Rblk,Vstd,Nstd,E,Vreg,DOreg
0.166666666666667,0.0183333333333334,0.2,0.01,5598,0.17,0.00153
