Rstd,Rblk,Vstd,Nstd,E,Vreg,DOreg
0.175,-0.0416666666666666,0.2,0.01,5598,0.17,0.00153
