Rstd,Rblk,Vstd,Nstd,E,Vreg,DOreg
0.183333333333333,0.0166666666666667,0.2,0.01,5598,0.17,0.00153
